date,temperature_min,temperature_avg,temperature_max,uv_max,rain_sum,humidity_avg,wind_max,wind_avg
2014-01-03,14.5,18.76,22.5,9.41,0,50.39,45.36,12.24
2014-01-04,12.4,16.61,20.3,9.35,0.4,49.59,42.48,13.46
2014-01-05,10.3,17.59,26.1,8.34,0.2,45.59,52.92,15.81
2014-01-06,12.5,15.31,18.2,8.74,0,46.71,48.24,17.31
2014-01-07,13.6,15.85,19,9.3,0,46.32,37.44,12.1
2014-01-08,12.1,18.52,27.6,7.45,0,48.08,38.88,10.42
2014-01-09,14,23.5,33.2,7.9,0,42.93,29.52,7.64
2014-01-10,21.8,27.88,34.4,8.01,0,32.71,42.84,14.45
2014-01-11,16.3,19.21,23.3,7.78,0,65.71,31.32,9.32
2014-01-12,16.9,18.39,21.4,8.74,0,63.79,25.56,9.5
2014-01-13,14.9,22.35,31.1,7.45,0,59.19,15.84,6.15
2014-01-14,20.6,32.73,42.8,13.44,0,30.15,52.92,13.43
2014-01-15,26.9,34.39,42.6,13.27,0,20.77,44.28,10.08
2014-01-16,27.8,34.34,43.5,13.16,1.2,23.49,34.56,9.58
2014-01-17,23.1,31.75,43.8,13.27,0,31.48,40.68,13.34
2014-01-18,18,21.37,25,7.45,0,62.22,32.4,10.63
2014-01-19,16.1,18.49,21.2,8.18,0,59.15,41.04,12.77
2014-01-20,17.8,20.13,22.9,7.73,0,63.36,41.76,12.19
2014-01-21,16.7,18.42,21.5,7.78,0,56.4,29.88,10.93
2014-01-22,16,18.74,22.3,7.17,0,49.44,38.16,11.56
2014-01-23,13.8,21.15,29.5,7,0,50.42,27,7.26
2014-01-24,17.1,19.81,22.7,7.9,4.6,66.81,37.44,10.19
2014-01-25,15.4,17.24,19.3,7.56,0,46.19,46.08,14.14
2014-01-26,13.7,20.23,27.3,7.39,0,46.72,23.4,8.38
2014-01-27,17.8,27.31,34.7,8.23,0,32.47,42.84,13.6
2014-01-28,21.1,30.72,41.8,12.99,0,24.55,57.24,16.38
2014-01-29,17.5,20.15,22.8,8.18,0,57.87,37.44,11.48
2014-01-30,15.6,21.79,29.1,7.62,0,56.34,24.12,7.86
2014-01-31,19.5,21.81,25.8,7.06,0,70.07,34.56,11.01
2014-02-01,18.1,21.66,29.7,3.58,0,70.99,25.2,7.66
2014-02-02,18.1,28.34,39.8,12.32,0,46.62,19.08,5.11
2014-02-03,17.1,24.53,34.9,7.34,0.6,46.41,45.72,11.62
2014-02-04,14.9,19.53,25.6,7.62,0,43,49.68,15.52
2014-02-05,13.8,21.71,30.8,6.66,0,38.79,32.76,8.98
2014-02-06,17.3,26.98,35.3,7.73,0,32.12,40.32,10.95
2014-02-07,20.1,26.08,37.1,9.13,0,42.03,39.96,12.21
2014-02-08,18.7,28.56,41.7,13.27,0,44.89,27,6.48
2014-02-09,19.2,28.11,40,12.32,0,27.42,63.72,18.5
2014-02-10,16.2,19.34,22.7,6.89,0,49.48,38.88,11.46
2014-02-11,14.8,20.03,25,5.49,0,59.2,27.72,8.08
2014-02-12,16.7,21.7,26,5.43,0,67.63,26.64,7.4
2014-02-13,20.1,23.39,26.7,4.54,0,61.63,15.84,4.86
2014-02-14,19.2,23.67,27,3.64,0,60.35,17.28,4.95
2014-02-15,20.9,23.41,29,6.44,4.2,65.47,31.68,7.5
2014-02-16,16.3,19.47,22,7.39,7.6,66.67,39.96,12.89
2014-02-17,15.6,19.71,25.1,7.39,0,51.55,24.84,7.87
2014-02-18,14.3,21.42,30.5,6.78,0,55.86,36.72,8.22
2014-02-19,13.8,18.79,25.1,7.45,6.6,65.55,42.48,10.25
2014-02-20,12.6,15.93,19.8,7.11,0.2,51.39,50.4,16.5
2014-02-21,12.2,15.87,19.6,5.82,0,53.82,31.32,11.36
2014-02-22,14.4,16.7,19.2,4.65,0.4,62.58,28.44,8.42
2014-02-23,14.9,18.08,22,6.27,0,56.84,25.92,7.56
2014-02-24,14.7,19.07,25.3,5.94,0,63.37,26.64,6.13
2014-02-25,15.1,22.28,33.2,6.89,0,55.37,48.6,11.57
2014-02-26,14.9,17.69,20.7,6.83,0.2,59.07,30.6,11.23
2014-02-27,14.3,16.85,20.4,6.94,0,51.36,35.28,11.54
2014-02-28,13.8,17.42,21.5,5.54,0,56.87,33.48,11.61
2014-03-01,15.4,18.97,22.3,5.71,0,70.6,32.04,8.77
2014-03-02,15.9,18.59,21.3,6.33,0,62.87,31.68,9.64
2014-03-03,15.7,19.53,24.3,5.71,0,63.82,24.12,8.24
2014-03-04,15.9,25.1,33.6,6.78,0,49.63,33.12,10.56
2014-03-05,16.3,20.35,26.7,1.57,0,57.78,34.2,11.45
2014-03-06,14.6,17.07,19.6,5.71,0,48.93,32.76,9.99
2014-03-07,13.8,17.77,21.8,5.82,0,64.74,43.56,9.25
2014-03-08,17.1,21.85,26.9,5.99,0,62.27,29.16,8.86
2014-03-09,16.8,25.34,32.9,5.82,0,40.4,35.28,10.26
2014-03-10,21,25.53,33.1,6.5,0,33.48,38.52,10.99
2014-03-11,19.5,23.76,31.6,4.31,1.2,52.33,34.56,8.58
2014-03-12,16,18.16,20.5,5.49,0.6,56.91,31.32,11.77
2014-03-13,13,17.63,21.8,5.04,0,56.29,32.4,7.48
2014-03-14,14.8,20.34,27.3,4.98,0,61.8,19.44,5.58
2014-03-15,14.8,22.26,29.7,5.32,4.8,42,53.28,14.85
2014-03-16,13.2,16.23,20.8,5.1,0,45.07,39.24,11.96
2014-03-17,15.1,19.23,25,5.88,0,52.96,38.88,13.66
2014-03-18,15.3,19.51,25,6.38,0,53.23,31.32,7.07
2014-03-19,13.4,17.37,21.2,5.1,0,57.96,26.64,8.18
2014-03-20,11.5,21.27,31.1,5.32,0,41.92,38.52,9.35
2014-03-21,14.9,19.46,25,5.66,0.8,53,47.52,11.96
2014-03-22,13.4,15.86,18.1,4.7,1.2,57.85,30.24,9.86
2014-03-23,13.7,15.69,17.4,3.64,0.2,52.73,28.08,7.14
2014-03-24,11.8,15.37,18.4,3.75,0.8,67.85,22.68,7.23
2014-03-25,13.6,18.32,24.5,4.65,0.2,60.59,28.8,7.66
2014-03-26,14.9,20.53,27.3,4.98,0,63.03,29.88,7.27
2014-03-27,17.5,20.34,25.4,5.21,10.6,77.38,38.88,6.74
2014-03-28,16.7,18.8,21.1,4.59,0,73.51,24.48,8.09
2014-03-29,12.4,18.18,23.2,4.54,0,69.73,18.36,5.91
2014-03-30,16.1,19.87,25.5,4.59,0.8,73.35,21.96,4.54
2014-03-31,16.7,23.87,30.8,5.1,0,50.86,30.6,10.37
2014-04-01,21.9,27.46,33.4,5.04,0,34.38,41.04,13.83
2014-04-02,16.7,21.65,26.2,3.86,0.2,59.02,46.08,12.59
2014-04-03,15.3,16.74,18,2.46,0.2,65.09,28.44,10.18
2014-04-04,14.3,16.77,19.3,3.7,0,67.5,30.6,10.15
2014-04-05,14.9,18.98,24.3,4.31,0,64.4,30.6,6.24
2014-04-06,12.3,17.84,23.2,4.37,0,70.05,27.36,7
2014-04-07,13.4,19.4,25.1,4.54,0,59.67,27.72,7.48
2014-04-08,17.1,18.78,22.2,1.9,10.2,68.54,34.2,8.1
2014-04-09,16.7,17.36,18.2,1.29,13.6,89.69,19.08,7.7
2014-04-10,16.4,17.65,19.7,1.74,15.8,90.2,22.32,6.26
2014-04-11,16.6,17.73,18.9,3.14,3,84.27,35.28,10.63
2014-04-12,15.4,18.18,22.1,3.86,0,68.33,36,11.23
2014-04-13,13.4,16.57,21,3.81,0,66.04,29.16,7.57
2014-04-14,12.8,16.4,21.2,3.64,0,59.38,28.44,10.78
2014-04-15,13.1,16.5,20.3,3.53,0,61.04,23.4,7.65
2014-04-16,10.1,15.66,22.3,3.42,0,71.93,20.88,5
2014-04-17,11.2,17.69,24.5,3.3,0,57.11,16.2,5.13
2014-04-18,12.1,15.68,19.2,3.19,1.8,57.59,39.96,10.21
2014-04-19,11.7,13.94,17,3.92,0,58.6,29.16,8.3
2014-04-20,12.6,15.35,18.7,3.36,0,47.98,26.64,7.72
2014-04-21,12.6,16.03,18.9,2.91,0,42.9,56.16,21.62
2014-04-22,13.5,16.22,18.4,2.13,12,62.19,52.92,10.82
2014-04-23,12.1,15.72,19.5,3.14,0,59.52,15.48,4.63
2014-04-24,12.8,14.99,17.1,2.97,0.4,46.58,34.2,10.75
2014-04-25,7.4,14.09,20.7,2.8,0,50.94,34.56,8.56
2014-04-26,11,15.63,19.7,1.4,0,49.54,34.92,13.35
2014-04-27,10.1,13.33,17.1,2.69,0,49.86,34.92,7.72
2014-04-28,6.6,15.83,21.9,3.47,0,59.12,54,14.24
2014-04-29,13,18.08,22.9,1.06,6.8,66.87,55.44,13.35
2014-04-30,9.5,13.08,16.6,2.97,5.2,65.21,26.64,8.48
2014-05-01,6.6,11.67,16.3,2.69,0,55.26,23.4,6.41
2014-05-02,11.2,12.44,14.7,1.4,1.4,61.33,39.6,13.35
2014-05-03,10.6,12.94,16.1,2.58,3.8,69.7,43.56,10.35
2014-05-04,8.7,11.19,13.4,2.69,4.2,71.69,42.84,13.56
2014-05-05,10.4,13.25,16.8,1.9,0,70.87,28.08,8.19
2014-05-06,10.7,12.45,15.5,2.69,1,65.77,32.04,10.33
2014-05-07,9.7,12.85,15.5,2.41,0,57.37,25.56,7.27
2014-05-08,4.3,11.24,18.5,2.13,0.2,59.44,21.96,7.1
2014-05-09,7.8,14.01,18.6,2.41,1.4,55.36,41.04,11.02
2014-05-10,11.8,14.57,16.6,1.4,10.8,82.38,29.52,7.02
2014-05-11,9.9,14.3,19.3,2.3,0.2,78.23,15.12,2.85
2014-05-12,7.9,13.45,19.6,2.13,0.2,75.39,12.6,3.67
2014-05-13,7.9,14.13,20.6,2.18,0,71.33,23.76,7.25
2014-05-14,8.6,15.23,20.7,2.02,0,64.28,33.84,10.67
2014-05-15,15.2,18.55,23.2,2.07,0,47.89,46.44,19.29
2014-05-16,16.7,19.16,23,2.13,0,42.13,37.44,15.33
2014-05-17,16.8,18.77,20.4,1.4,0,47.77,38.88,16.58
2014-05-18,17.1,18.9,21.7,1.74,0,47.72,37.8,15.27
2014-05-19,16.7,19.38,23.2,2.07,0,49.97,38.88,15.22
2014-05-20,14.9,17.18,21.9,1.79,2.2,67.47,31.32,8.05
2014-05-21,10.9,17.44,23.6,2.02,0,67.49,23.4,7.09
2014-05-22,16.7,18.84,21.4,1.79,0.2,58.83,41.4,14.09
2014-05-23,13.7,17.1,20.3,2.41,4,70.27,28.08,7.24
2014-05-24,11.5,14.32,17.6,2.02,0,68.25,16.92,4.32
2014-05-25,13.1,16.38,20.4,1.96,0.8,72.19,39.6,10.99
2014-05-26,11.6,17.88,21.2,1.12,0,72.03,35.64,10.59
2014-05-27,14.5,18.43,22.4,1.01,0.2,58.76,41.76,13.52
2014-05-28,12.3,14.83,18.7,1.85,0,66.83,33.48,9.98
2014-05-29,9.6,13.31,16.7,1.12,0,68.14,15.12,3.04
2014-05-30,6.5,11.45,17.8,1.57,0,70.17,11.52,2.92
2014-06-11,12,14.28,16.6,1.62,0,63.69,37.08,14.09
2014-06-12,11.5,13.78,16.8,0.95,2,64.02,29.88,9.51
2014-06-13,12,14,16.7,1.57,2.8,80.25,33.48,9.8
2014-06-14,10.7,12.88,15,1.34,1.2,80.3,28.8,6.72
2014-06-15,9.9,12.54,14.7,1.62,0.2,72.15,32.76,10.13
2014-06-16,10.6,12.75,16.7,1.51,2.2,68.42,30.96,11.1
2014-06-17,10,12.51,16.3,1.29,0.4,75.29,20.52,7.44
2014-06-18,11.5,12.97,14.4,0.73,0,55.98,11.88,2.52
2014-06-19,8.2,10.7,12.9,1.46,0,70.39,39.6,14.25
2014-06-20,10.9,12.9,16.5,1.4,0,67.19,37.8,17.81
2014-06-21,11.5,13.36,15.2,1.4,0,72.96,31.68,13.55
2014-06-22,6.7,12.18,15.4,1.57,0,73.8,38.16,11.86
2014-06-23,7.6,12.41,15.6,1.51,1.8,61.03,62.64,20.73
2014-06-24,6.6,10.58,14.4,1.23,5,62.22,76.32,18.81
2014-06-25,10.1,12.72,15.8,1.4,1.6,64.66,42.48,13.99
2014-06-26,11,13.58,16,1.46,0.2,52.46,42.84,14.01
2014-06-27,11.4,13.02,14.8,0.95,0,59.88,74.88,26.03
2014-06-28,9.2,11.28,13.1,1.34,0,59.3,53.28,20.34
2014-06-29,7.3,9.7,11.3,1.01,8,73.22,40.32,13.1
2014-06-30,6.6,9.88,13.5,1.06,0.4,72.16,34.92,9.5
2014-07-01,9.5,11.73,13.8,0.9,0,68.85,24.12,8.36
2014-07-02,11.3,13.58,16.7,1.62,0,56.25,25.56,7.21
2014-07-03,7.5,9.8,12.1,1.57,0,70.54,52.92,17.79
2014-07-04,8.1,10.2,12.4,1.57,0,69.38,54,20.49
2014-07-05,9.9,12.28,15.1,1.34,0,66.02,37.08,12.69
2014-07-06,9.5,11.66,13.6,1.01,0.8,74.3,30.24,10.6
2014-07-07,8.6,11.36,15.5,1.46,0,72.29,33.12,10.73
2014-07-08,9.9,12.47,14.6,1.4,0,57.86,63,25.76
2014-07-09,8.5,10.35,13.8,0.9,4.2,67.76,55.08,15.52
2014-07-10,7.5,10.7,14.9,1.57,0,68.71,45,13.11
2014-07-11,7.9,11.4,14.6,1.57,1.6,66.1,45.36,14.39
2014-07-12,7.1,8.91,10.8,1.62,3.2,72.84,31.32,10.93
2014-07-13,5.8,9.71,13.8,1.51,0,69.45,25.2,6.19
2014-07-14,9,10.98,13.4,1.68,0,70.61,16.92,4.73
2014-07-15,8.5,10.94,13.7,0.78,0.4,64.07,43.92,12.34
2014-07-16,9.4,11.64,14.5,1.68,1.2,69.69,41.76,15.09
2014-07-17,6.3,9.95,12.3,1.62,0.6,57.54,41.4,14.64
2014-07-18,5.9,9.53,12.9,1.62,2,69.8,37.8,14.06
2014-07-19,8.5,10.52,13.1,1.85,0,76.53,19.8,7.61
2014-07-20,7.8,10.44,13.6,1.4,0,75.09,14.04,3.6
2014-07-21,5.1,8.96,13.4,1.34,0,79.8,10.44,3.04
2014-07-22,6.4,9.36,12.2,1.18,0,79.16,11.88,4.4
2014-07-23,8.4,11.52,13.8,1.4,0,62.46,21.96,6.4
2014-07-24,6.4,11.02,15.5,1.68,0,66.87,33.48,9.1
2014-07-25,11.4,13.65,16.3,1.74,0,67.04,38.16,13.94
2014-07-26,12,13.25,15.3,1.34,0.8,70.74,25.92,9.31
2014-07-27,7.7,12.3,16.5,1.85,0,66.09,41.04,10.62
2014-07-28,10.2,13.11,17.6,2.02,0,58.8,48.24,17.39
2014-07-29,11.5,14.04,16.9,1.74,0,61.85,47.88,18.89
2014-07-30,12.9,16.14,19,2.35,0,57.98,50.4,17.34
2014-07-31,6.9,13.16,19.5,2.18,4.4,56.69,65.88,21.63
2014-08-01,5.7,7.43,10.3,1.62,7.6,65.28,44.64,14.23
2014-08-02,4.4,7.69,12.6,1.85,0.8,65.67,18.72,6.81
2014-08-03,1.5,7.63,14.3,1.85,0,58.12,23.4,8.21
2014-08-04,1.9,8.36,15.2,1.9,0,53.1,19.44,6.47
2014-08-05,6.3,12.08,16.4,2.07,0,53.25,21.24,8.03
2014-08-06,11.1,13.18,15.9,2.24,0.6,59.25,26.28,8.72
2014-08-07,10.8,11.95,14,1.4,1.4,77.97,15.84,5.31
2014-08-08,8.8,12.47,16.2,1.96,0,62.27,23.04,5.88
2014-08-09,7.9,12.08,15,1.85,0,56.48,42.48,15.08
2014-08-10,6.6,10.23,13.8,2.24,3.6,66.3,44.28,13.21
2014-08-11,5.9,9.06,12.3,2.24,2.6,59.37,28.8,7.12
2014-08-12,6.3,9.67,12.1,2.24,0.2,75.47,25.56,6.59
2014-08-13,9.3,11.33,13.7,2.52,0,67.16,20.88,7.2
2014-08-14,7.7,11.73,14.3,2.13,0.4,61.76,17.64,5.46
2014-08-15,4,10.56,17.3,2.24,0,64.13,25.56,5.79
2014-08-16,6.4,10.68,13.2,2.13,0,75.29,15.48,6.53
2014-08-17,9.7,12.23,14.8,2.02,0,65.87,30.24,9.9
2014-08-18,10.1,11.92,14.2,1.29,1.2,72.03,30.96,8.29
2014-08-19,10.9,11.94,13.8,1.96,0,64.8,24.84,7.9
2014-08-20,10.1,11.69,13.5,1.85,0,54.01,20.88,6.96
2014-08-21,8.3,12.59,17.8,2.52,0,63.18,25.92,6.73
2014-08-22,6.6,13.68,20.3,2.58,0,53.83,23.76,8.01
2014-08-23,7.2,14.46,20.3,2.86,0,55,36.72,12.47
2014-08-24,11.6,13.77,16.2,2.8,0.4,58.67,28.44,8.68
2014-08-25,10.8,13.04,16.4,3.02,1,73.47,24.48,8.79
2014-08-26,9,13.75,18.8,2.69,0,72.67,23.76,7.76
2014-08-27,9.8,15.83,19.5,2.86,0.2,58.01,18.36,7.24
2014-08-28,10.6,16.06,20.4,2.8,0,52.19,17.28,5.45
2014-08-29,10.3,12.83,15.1,2.18,0,76.69,15.84,5.09
2014-08-30,11.3,15.37,21,2.8,0,61.47,30.96,8.77
2014-08-31,10.9,16.33,21.6,2.8,0,50.53,47.16,14.36
2014-09-01,9.9,13.81,18.4,0.84,8.8,60.02,55.08,12.79
2014-09-02,8.6,11.28,14.7,2.69,1,66.21,47.16,12.11
2014-09-03,7.7,10.95,13.7,3.14,0.2,60.7,29.52,7.93
2014-09-04,5.4,10.64,15.2,2.8,0,65.81,23.4,6.78
2014-09-05,5.2,10.94,15.9,2.86,0,72.07,20.88,6.74
2014-09-06,7.3,13.03,19.5,3.08,0,69,15.12,5.24
2014-09-07,6.8,14.17,20.4,3.25,0,54.34,34.56,10.1
2014-09-08,10.7,17.19,22,3.42,0,43.83,56.88,20.25
2014-09-09,12.6,17.26,21.2,3.81,3.8,60.6,70.56,22.56
2014-09-10,11.2,15.08,19,3.75,0.2,52.98,34.92,11.73
2014-09-11,9.1,13.31,15.9,3.42,2.2,54.6,42.12,14.03
2014-09-12,6.9,11.24,15.2,3.36,0,57.09,18.72,5.53
2014-09-13,6.8,12.34,18.2,3.58,0,57.62,18.36,5.24
2014-09-14,7.1,13.72,20.6,3.64,0,57.59,21.6,6.2
2014-09-15,9.3,14.44,18.8,2.74,0.2,68.43,25.2,6.65
2014-09-16,9.8,12.81,14.7,1.01,1.4,78.25,39.96,11.09
2014-09-17,8.4,11.45,15.7,3.98,0.4,60.49,50.76,14.19
2014-09-18,7.7,10.46,13.3,3.42,1.6,64.26,30.6,10.77
2014-09-19,8.2,11.84,14.9,3.36,0,60.76,27,8.25
2014-09-20,10.3,12.75,15.6,4.26,0,64.9,30.24,8.92
2014-09-21,11.2,13.46,16.4,3.92,0,54.7,25.56,7.39
2014-09-22,5.7,15.03,22.8,3.98,0,51.55,33.84,8.5
2014-09-23,9.5,18.43,26,4.09,0,40.62,32.4,11.89
2014-09-24,14.8,18.63,23.7,4.54,6.6,49.05,49.68,13.48
2014-09-25,12.8,14.08,15.7,4.37,0,70.51,32.04,10.17
2014-09-26,10.4,14.25,18.9,4.31,0,61.19,24.48,6.96
2014-09-27,9.1,15.92,23.4,4.7,0,58.89,45,10.85
2014-10-01,10.1,13.02,15.2,4.76,0,50.33,34.2,11.14
2014-10-02,9.1,13.15,17.4,3.36,0,66.18,29.88,9.09
2014-10-03,10.9,14.17,18.5,5.15,0,67.5,20.16,7.63
2014-10-04,8.7,18.76,26.4,4.54,0,46.86,42.84,14.99
2014-10-05,12.6,15.33,18.2,4.54,0,54.93,27.72,10.26
2014-10-06,8.8,16.75,25.7,1.23,1,57.3,59.76,13.38
2014-10-07,11.5,14.21,17.3,5.32,0.4,54.33,44.64,14.74
2014-10-08,9.3,14.16,18.9,5.04,0,60.61,25.92,6.3
2014-10-09,10.1,16.64,22.3,5.1,0,52.77,23.04,5.78
2014-10-10,15.1,19.52,24.5,3.81,0,37.8,38.16,13.26
2014-10-11,13.4,16.2,20.9,5.15,0,60.19,35.28,9.3
2014-10-12,10,16.8,30.3,5.15,0,61.6,35.64,7.35
2014-10-13,9.1,12.07,14.7,5.38,6.4,58.51,47.16,15.55
2014-10-14,9,12.12,15.5,5.82,1.4,51.14,36.72,11
2014-10-15,7.9,12.38,16,5.04,0,50.96,32.4,8.07
2014-10-16,10.8,13.1,15.6,6.05,1.4,60.81,36.72,10.31
2014-10-17,10.7,13.57,16.8,5.04,0,51.51,22.68,8.14
2014-10-18,8.7,17.61,24.6,4.76,0,42.11,36,13.01
2014-10-19,13.1,19.79,28.9,5.15,0,42.19,46.44,16.3
2014-10-20,10.9,15.27,21.2,5.15,0,46.56,34.92,11.89
2014-10-21,8.5,18.83,28.4,5.1,0,49.3,28.44,7.81
2014-10-22,15.9,23.23,31.9,5.1,0,42.57,45,14.64
2014-10-23,14.9,16.98,22.6,4.03,0,75.96,26.64,8.84
2014-10-24,15.2,20.57,31.6,5.32,0,63.75,27.72,6.81
2014-10-25,14,15.94,19,5.49,0,67.25,25.2,8.33
2014-10-26,14,18.61,25.3,5.38,0,50.92,30.96,7.81
2014-10-27,13.1,17.19,23.1,6.27,16.2,51.22,54,17.24
2014-10-28,11.3,14.89,19.9,6.55,0.8,50.28,39.6,15.2
2014-10-29,10.6,15.79,22.5,5.66,0,55.38,22.68,7.81
2014-10-30,14.2,16.7,21,5.49,0,57.3,23.4,7.38
2014-10-31,10.7,22.11,32.5,6.16,0,39.97,46.8,12.68
2014-11-01,9.6,14.76,20.6,6.66,3.8,52.06,59.76,18.54
2014-11-02,8.8,12.27,15.6,6.5,0,55.66,33.48,11.97
2014-11-03,9.5,16.59,23.9,5.6,0,46.88,22.32,7.06
2014-11-04,13,20.5,29.5,6.22,0,34.9,46.8,15.18
2014-11-05,12.7,14.47,16.8,6.38,0,54.09,41.76,13.7
2014-11-06,10.2,16.09,23.4,5.54,0,46.56,19.8,6.6
2014-11-07,11.6,23.27,32.5,6.1,0,34.23,32.4,11.07
2014-11-08,13.7,23.26,35.2,6.89,0,36.64,51.12,16.46
2014-11-09,13.2,15.49,17.9,6.1,0.2,57.07,39.96,10.89
2014-11-10,11.8,15.21,19,7.45,0,56.52,34.56,10.83
2014-11-11,12.3,14.81,17.5,6.72,0,48.65,32.76,10.18
2014-11-12,8.8,16.74,24.4,6.1,0,55.58,19.08,6.69
2014-11-13,12.9,23.31,33.5,7.22,0,42.15,18.72,5.29
2014-11-14,14,20.19,28.5,6.33,0,43.89,45,13.45
2014-11-15,12.7,14.47,17.6,7.5,8.6,57.2,31.32,8.84
2014-11-16,11.7,15.67,19.2,7.9,2.4,64.2,30.96,10.29
2014-11-17,12.8,15.54,19.5,6.27,0,54.38,32.4,10.51
2014-11-18,10.9,15.46,20.3,7.34,0,52.74,24.48,8.9
2014-11-19,11.9,20.91,29.7,6.38,0,41.28,34.2,9.46
2014-11-20,20.6,24.09,29,2.86,0.4,33.56,59.4,14.21
2014-11-21,16,18.99,22.8,6.72,0,57.14,35.28,9.76
2014-11-22,13.5,21.75,31.3,5.77,0,45.87,45,11.73
2014-11-23,17.1,20.06,24,6.44,0,55.53,24.48,8.03
2014-11-24,13.5,16.88,20,4.2,10.2,71.48,40.68,8.99
2014-11-25,10.9,15.62,21,7.45,0.2,53.45,37.8,11.71
2014-11-26,11.4,15,19.2,7.9,0,58.28,27.36,8.33
2014-11-27,13.1,15.37,18.5,6.66,0,50.86,38.16,10.37
2014-11-28,12.3,15.59,20,6.55,0,61.99,24.12,8.36
2014-11-29,13.2,18.49,25.1,6.5,0,63.9,27.36,7.57
2014-11-30,15.9,25.65,35.1,7.5,0,45.57,33.84,8.19
2014-12-01,18.4,23.89,28.9,7.22,0,51.72,47.16,13.86
2014-12-02,17.1,19.82,25.3,6.44,0,63.64,30.96,7.77
2014-12-03,16.3,19,23.8,4.87,0,72.83,24.12,7.35
2014-12-04,18.1,22.98,26.4,6.94,0.2,63.84,28.8,9.61
2014-12-05,17.5,18.89,20.5,2.97,0,76.1,23.04,9.34
2014-12-06,15.8,18.75,23.6,7.78,2.8,69.86,42.48,14.27
2014-12-07,14.3,16.51,18,2.97,5,77.29,34.2,8.71
2014-12-08,14.3,17.39,20.3,8.01,0,69.96,28.08,8.45
2014-12-09,15.1,17.22,20.3,6.89,0,59.81,28.08,8.16
2014-12-10,13.3,17.17,20.4,4.03,0,71.86,24.84,5.94
2014-12-11,16.6,17.94,19.7,8.18,0.2,72.24,42.84,12.12
2014-12-12,14.6,20.7,27.2,7.78,0,53.36,29.52,8.63
2014-12-13,15.4,24.14,31.2,7.22,0,36.69,46.08,12.11
2014-12-14,17.8,22.12,25.8,7.9,0,43.81,36,11.05
2014-12-15,16.7,19.51,23.7,7.39,0,64.78,28.8,7.83
2014-12-16,15.1,20.92,32.4,8.06,0,50.92,62.28,14.47
2014-12-17,12,16.73,22.5,7.28,0.2,42.98,28.44,9.93
2014-12-18,12.3,17.15,24,8.12,2,49.97,63,10.33
2014-12-19,10.9,15.48,19.5,8.57,0,53.55,30.6,10.12
2014-12-20,12.2,17.42,23.4,7.06,0,53.48,26.64,7.74
2014-12-21,13.8,22.98,33.9,8.18,0,49.08,27.36,7.28
2014-12-22,17.4,21.17,25.3,6.05,0,67.41,22.32,8.07
2014-12-23,17,21.66,26.7,8.06,1,64.08,30.6,8.69
2014-12-24,14.8,18,21.9,7.34,0.2,55.73,45.36,10.5
2014-12-25,12.1,18.08,24,7.34,3.4,58.71,34.56,9.65
2014-12-26,10.6,15.26,18.9,7.95,0.6,53.28,34.2,12.24
2014-12-27,11.9,17.27,21.8,7.17,0,48.13,25.92,7.84
2014-12-28,13.1,22.82,32.8,8.01,0,43.63,24.12,6.71
2014-12-29,15.6,19.92,26.7,7.34,0.4,43.27,56.16,15.03
2014-12-30,12.9,17.44,22.7,8.34,0,47.07,55.44,13.92
2014-12-31,11.5,17.64,24.8,7.34,0,49.93,24.12,7.48
2015-01-01,14.1,19.01,27.3,8.23,0,59.27,27.36,7.11
2015-01-02,15.5,28.25,40.5,11.14,0,37.16,36,10.42
2015-01-03,22.3,31.36,38.9,9.41,0.2,26.09,65.52,24.99
2015-01-04,16.2,19.91,24.3,7.11,4,57.72,45,12.33
2015-01-05,15.7,18.86,22.3,7.9,0,58.69,34.92,9.51
2015-01-06,17.4,21.84,26.4,7,0,62.14,32.04,9.22
2015-01-07,18.9,29.08,38,11.14,6.6,45.09,48.6,12.88
2015-01-08,22.5,25.2,28.8,6.66,1,59.92,34.56,8.62
2015-01-09,14,17.65,22.5,3.19,1.4,75.79,25.2,8.86
2015-01-10,14.2,17.54,19.5,3.58,0.8,71.07,23.4,6.76
2015-01-11,17.9,22.12,27.6,8.57,0,61.43,41.04,13.17
2015-01-12,16.2,23.88,31.7,7.78,0,51.59,26.28,6.5
2015-01-13,20.3,23.09,25.6,6.66,9.6,62.02,37.8,11.82
2015-01-14,17,19.96,22.4,7.17,0.6,69.71,45,16.74
2015-01-15,15.7,17.58,20.2,7.06,0,62.52,28.08,11.92
2015-01-16,12.4,20.06,27.6,7.78,0,45.35,45,12.3
2015-01-17,15.2,19.53,25.1,7.9,0.2,47.03,42.84,15.38
2015-01-18,15,17.01,19.6,8.79,0,48.17,33.48,12.25
2015-01-19,14,17.93,24.1,6.55,0,44.68,32.04,9.34
2015-01-20,13.2,22.8,30.9,5.1,0,45.16,40.32,11.45
2015-01-21,20.2,26.59,33.6,8.4,0,40.69,31.32,8.45
2015-01-22,17.7,24.59,36.7,8.85,0,59.76,43.56,10.18
2015-01-23,17.9,21.93,24.9,7.39,0,56.36,38.16,10.88
2015-01-24,15.3,20.75,26.6,7,0,56.1,28.44,6.98
2015-01-25,15.1,17.99,22,7.9,0,45.16,47.88,14.65
2015-01-26,11.5,15.49,20.3,8.18,0.4,52.49,35.28,9.68
2015-01-27,13.7,16.47,19.3,4.59,0,49.75,33.84,10.96
2015-01-28,14.2,19.17,25,7.06,0,43.93,50.76,13.46
2015-01-29,13.5,17.59,21.4,7.67,0,49.9,38.88,11.72
2015-01-30,14,17.31,20.9,7.22,0,51.24,38.88,10.15
2015-01-31,14.3,17.1,20.3,7.56,1.4,63.87,38.16,13.38
2015-02-01,14.3,17.18,18.7,8.23,0.6,71.77,36.72,14.38
2015-02-02,15.6,17.79,21.1,8.06,0.2,62.27,44.64,11.3
2015-02-03,15.6,17.64,20.4,7.17,0,57.2,32.4,9.05
2015-02-04,15.4,17.17,18.7,7.84,0,55.06,37.44,11.9
2015-02-05,14,19.28,24.4,6.72,0,57.83,33.84,10.25
2015-02-06,15.4,25.5,35.8,9.13,0,43.38,34.92,8.85
2015-02-07,23.9,28.75,35,9.02,0,26.7,40.32,13.16
2015-02-08,17.9,21.17,26.1,5.99,0,55.59,30.6,10.81
2015-02-09,15.2,20.04,28.4,6.44,0,51.96,27,9.65
2015-02-10,16.7,22.69,28.9,6.27,0,60.14,29.88,7.42
2015-02-11,19.1,22.52,31.2,5.71,0,63.47,42.84,8
2015-02-12,18.1,19.72,21.7,6.27,0,60.23,32.4,10.82
2015-02-13,15.9,23.04,32.7,6.61,9.6,56.41,38.88,10.55
2015-02-14,19.7,22.43,25.6,6.27,1.4,68.2,27.72,8.52
2015-02-15,17.6,25.82,35.7,8.12,0,48.39,24.12,7
2015-02-16,17.1,21.17,29.5,6.05,0,55.46,38.88,12.03
2015-02-17,17.5,18.98,20.6,2.97,0,63.38,28.08,8.49
2015-02-18,17.7,19.56,21.7,3.47,0,65.7,20.52,7.56
2015-02-19,18.2,22.25,28.2,6.44,0.2,65.39,23.4,6.41
2015-02-20,18.1,21.98,25.6,5.82,0,67.73,29.52,7.41
2015-02-21,18.7,26.97,36.3,8.29,0,46.81,36,8.54
2015-02-22,25.1,29.25,35.8,7.78,0,32.37,40.32,11.44
2015-02-23,16.8,22.49,29.3,4.09,3.4,57.76,34.2,10.4
2015-02-24,16.3,18.22,20.6,6.61,0.2,47.31,32.4,11.08
2015-02-25,14.5,20.73,27.2,6.33,0,57.6,24.48,6.86
2015-02-26,17.6,20.24,24,6.38,0,64.38,24.84,8.09
2015-02-27,15.8,20.3,25.2,5.82,0,59.45,18,5.47
2015-02-28,17.9,23.58,32.9,5.26,5.2,46.89,66.24,11.22
2015-03-01,15.3,18.31,21.1,6.22,0.2,59.27,36.36,11.2
2015-03-02,12.3,18.47,24.3,6.55,0,47.75,23.04,5.75
2015-03-03,17.4,20.01,23.3,5.77,0,50.57,24.84,7.15
2015-03-04,15.6,19.57,24.4,5.88,0,47.79,32.04,9.21
2015-03-05,12.6,16.26,20.2,5.77,0,43.22,51.12,18.28
2015-03-06,14.3,17.18,20.6,6.1,0,61.74,41.76,13.38
2015-03-07,15.4,18.56,22.6,5.49,0,63.09,20.16,7.02
2015-03-08,16.9,19.86,25.1,5.21,0,58.58,23.04,6.55
2015-03-09,14.9,18.84,23.7,5.82,0,58.28,33.48,7.69
2015-03-10,16.3,18.68,22.1,5.04,0,50.55,23.76,7.12
2015-03-11,12,18.05,23.4,5.15,0,51.97,30.6,7.19
2015-03-12,14.2,16.96,20,6.05,0.2,53.2,34.92,10.64
2015-03-13,14.6,17.16,20.6,5.04,0,46.34,37.8,10.33
2015-03-14,9.6,18.75,30,5.38,1,51.24,33.84,10.21
2015-03-15,14.8,16.3,17.9,5.21,0,53.36,39.6,10.96
2015-03-16,10.7,16.06,24.3,4.59,0,61.97,30.6,7.14
2015-03-18,18,21.85,24.7,4.87,0,58.01,20.52,5.55
2015-03-19,18.1,22.99,33.9,5.32,0,48.67,63.72,17.95
2015-03-20,14.2,16.94,20.3,5.04,0,46.94,34.56,11.15
2015-03-21,13.1,17.22,22.3,4.7,0,43.54,37.44,8.33
2015-03-22,11.8,20.48,29.3,4.87,0,45.53,33.48,9.04
2015-03-23,15.6,22.24,27,2.13,1,45.2,47.16,15.8
2015-03-24,13,14.75,16.5,1.96,0.8,58.65,36.72,12.03
2015-03-25,13,16.02,20.8,4.87,0,47.76,18.72,6.72
2015-03-26,9.5,14.11,18.1,4.93,0.4,47.94,52.56,14.11
2015-03-27,13.2,15.24,17.8,4.65,0,57.06,51.12,15.91
2015-03-28,12.3,15.64,20,4.03,0,55.33,21.6,6.31
2015-03-29,8.8,16.38,24.2,4.37,0,55.56,24.12,6.18
2015-03-30,11.2,17.74,23.4,4.2,0,54.81,19.44,5.87
2015-03-31,12.5,19.16,25.9,4.2,0,56.55,17.28,5.27
2015-04-01,15.4,23.24,29.4,4.37,0,38.09,41.04,13.81
2015-04-02,13,15.4,20.1,4.48,0.8,49.34,50.04,13.61
2015-04-03,10.7,15.58,21.2,4.03,0,48.25,28.08,8.3
2015-04-04,8.5,16.15,23.2,3.75,0,58.08,13.32,5.48
2015-04-05,11.6,15.16,18.7,3.53,0,63.77,22.68,7.21
2015-04-06,11.3,14.69,18.2,4.37,0,53.24,20.88,6.81
2015-04-07,13.4,14.91,17.6,1.68,5.6,66.4,43.2,10.94
2015-04-08,12.6,15.42,18.3,4.09,0.8,59.07,36,10.89
2015-04-09,10.2,15.16,18.9,3.81,0,60.35,27,7.1
2015-04-10,10.7,15.27,19,3.58,0,62.16,25.92,7.77
2015-04-11,13.2,17.07,24.3,3.75,0,62.47,25.56,6.31
2015-04-12,12.7,15.42,18.4,3.92,0,57.41,29.16,7.03
2015-04-13,8.4,14.13,21.2,3.3,0,61.58,15.84,5.39
2015-04-14,13.2,18.17,24.5,3.47,1.6,55.6,28.08,8.02
2015-04-15,17.4,21.26,27.6,4.09,2.6,54.27,44.28,13.01
2015-04-16,14.5,16.39,18.5,4.09,0,62.56,27.36,9.53
2015-04-17,12.4,14.51,17.4,3.02,2.8,65.55,16.92,5.67
2015-04-18,10.9,16.9,22,3.81,1.8,60.3,41.4,10.64
2015-04-19,9.1,11.94,14.6,3.25,2.8,57.44,37.08,11.91
2015-04-20,10,12.88,16.1,3.25,0,48.29,30.96,8.47
2015-04-21,8.2,13.33,17.9,3.25,0,56.15,28.44,7.88
2015-04-22,11.5,15.45,19.6,2.97,0,68.12,30.6,8.69
2015-04-23,13.6,16.55,19.4,3.47,0,73.98,30.24,7.33
2015-04-24,13.5,17.32,21.1,3.64,5.4,68.2,26.28,5.35
2015-04-25,11.7,13.66,15.2,1.12,4.8,79.57,37.44,9.27
2015-04-26,10.1,12.71,15.1,2.86,1,69.21,37.8,13.07
2015-04-27,10.8,12.81,15.4,3.08,0.8,70.67,27,10.35
2015-04-28,10.1,12.94,16.1,2.8,1.2,71.28,21.96,6.32
2015-04-29,7.6,13.07,17.4,2.41,0,64.88,19.8,5.59
2015-04-30,6.5,13.48,20.3,2.46,0,60.2,17.28,4.92
2015-05-01,8,15.51,23.1,2.46,0,56.03,24.48,7.6
2015-05-02,13.7,17.79,22.5,2.74,0,54.37,35.64,11.18
2015-05-03,11.5,14.8,18.4,2.74,0,68.14,18.72,3.68
2015-05-04,9.1,16.96,22.1,2.46,0,53.38,48.6,15.97
2015-05-05,11.3,15.3,19.8,2.63,1.6,45.64,61.2,20.89
2015-05-06,9.9,12.5,16.7,2.8,2.2,58.25,42.48,14.14
2015-05-07,9.9,12.2,14.8,2.02,0,57.78,41.76,12.19
2015-05-08,10.3,13.71,16,2.41,0,57.57,36,11.33
2015-05-09,12.7,15.68,18.6,2.58,0,56.26,38.88,15.32
2015-05-10,12.6,14.13,16.3,2.35,8.6,64.47,52.56,16.96
2015-05-11,12.4,14.56,16.7,2.3,0.2,61.92,53.28,14.38
2015-05-12,8.4,13.15,15.9,2.24,0.4,54.89,44.28,15.79
2015-05-13,6.3,9.48,13.1,2.13,8.8,65.47,44.28,14.81
2015-05-14,10.1,12.17,14.5,2.02,0.6,73.12,37.44,13.79
2015-05-15,12.1,13.2,14.5,1.46,0,73.99,23.4,7.64
2015-05-16,10.2,13.24,18.2,1.96,0,66.64,14.76,5.27
2015-05-17,8.6,15.37,20.4,1.96,0,59.37,30.24,8.37
2015-05-18,7.9,14.48,20.1,1.9,0,60.5,27.72,9.99
2015-05-19,13.3,14.71,16.5,0.78,2,62.91,36.72,11.91
2015-05-20,11.6,15.67,17.8,1.96,1.8,65.68,37.8,15.46
2015-05-21,10.1,11.94,13.4,2.02,0.6,82.01,29.52,9.48
2015-05-22,10.2,12.64,14.6,1.79,0,67.27,28.08,7.23
2015-05-23,9.2,11.85,13.8,1.96,0,59.31,19.8,5.41
2015-05-24,6.3,10.51,16.3,1.79,0,69.22,14.76,5.84
2015-05-25,8.1,11.91,16.8,1.74,0,61.21,18,8.09
2015-05-26,4.5,10.98,16.5,1.79,0,65.23,24.48,9.27
2015-05-27,11,14.62,18.5,1.62,0,58.68,37.44,14.81
2015-05-28,13.1,15.82,20,1.79,0,61.12,38.52,16.45
2015-05-29,10,13.31,15.9,1.62,0,49.73,27.72,9.21
2015-05-30,11.1,13.96,17.1,1.51,0,52.22,46.44,13.79
2015-05-31,7.5,12.25,16.3,1.57,5,64.03,37.44,13.24
2015-06-01,4.8,8.36,11.8,1.79,6.4,68.74,41.04,12.4
2015-06-02,6.6,9.19,11.4,1.85,0.8,78.7,21.96,6.24
2015-06-03,5.8,10.27,12.3,1.34,0,69.49,11.88,3.59
2015-06-04,4.3,7.67,10.9,1.46,3.6,70.74,48.96,14.3
2015-06-05,7.4,10.92,14.3,1.57,0,66.78,20.88,7.49
2015-06-06,10.2,13.16,16.8,1.68,0.6,69.23,34.92,11.85
2015-06-07,11.4,12.55,14,1.57,0,66.27,60.84,21.99
2015-06-08,10.8,14.67,18.4,1.62,0,56.35,49.68,19.95
2015-06-09,8.4,11.61,16.5,1.57,2.8,63.16,43.56,12.6
2015-06-10,7.9,10.76,13.7,1.57,0,61.21,25.56,7.39
2015-06-11,6.6,10.8,14.5,1.46,0,63.48,16.2,4.58
2015-06-12,4.8,8.58,12.9,1.62,0,78.22,14.4,6.07
2015-06-13,6,12.62,17.9,1.51,0,67.62,22.32,8.23
2015-06-14,6.5,12.43,18.1,1.57,0,69.88,14.4,7.19
2015-06-15,8,13.31,17.6,1.51,1.2,69.91,15.48,3.99
2015-06-16,12.6,14.98,16.4,1.01,0,72.81,20.88,5.38
2015-06-17,12.2,13.54,14.6,1.12,0,77.13,23.04,5.96
2015-06-18,10.2,11.93,13.1,0.84,1,68.68,29.16,10.13
2015-06-19,7.9,10.24,12.1,1.4,0,63.43,23.76,7.17
2015-06-20,5.4,8.79,12.3,1.4,0,77.38,16.56,4.44
2015-06-21,4.3,9.11,12.7,1.4,0.2,57.6,28.8,9.2
2015-06-22,6.3,11.01,14.5,1.46,0,52.86,59.76,20.99
2015-06-23,12.7,15.02,17.9,1.46,0,50.08,50.4,20.47
2015-06-24,10.7,13.72,16.7,1.29,0,65.19,36.36,10.66
2015-06-25,9.6,12.04,13.9,1.46,0,66.51,28.8,7.97
2015-06-26,9,12.72,16.3,1.51,0,61.03,19.8,5.75
2015-06-27,7.9,10.81,14.3,1.34,0,64.7,24.12,8.29
2015-06-28,9.5,12,14.6,1.12,0,63.17,15.84,4.64
2015-06-29,8.4,10.55,13.7,1.18,0,65.83,16.2,3.72
2015-06-30,5.9,10.28,14.2,1.34,0,62.64,14.4,4.01
2015-07-01,9.9,11.93,14.7,1.51,0,55.03,31.32,9.73
2015-07-02,7.6,10.67,12.7,1.4,1.8,61.33,54,14.4
2015-07-03,6,8.69,11.7,1.46,0.8,58.63,20.88,6.57
2015-07-04,7.9,9.44,10.9,0.45,1.8,60.29,21.6,9.26
2015-07-05,8.8,11.1,14.7,1.46,0,53.54,32.4,13.69
2015-07-06,7.3,9.29,11.6,0.78,3.6,65.35,33.84,14.66
2015-07-07,8.4,10.9,14.6,1.34,0,69.71,14.76,5.35
2015-07-08,6.4,11.58,15,1.46,0.2,64.23,33.48,8.43
2015-07-09,9.3,11.48,13.6,0.84,0,61.01,28.08,8.87
2015-07-10,8.8,11.75,14.6,1.06,0,62.37,50.76,15.47
2015-07-11,6.8,10.21,12.9,0.78,1.4,71.97,44.28,13.58
2015-07-12,4.8,8.36,13.1,0.22,1.6,81.65,45,8.78
2015-07-13,7.7,11.01,13.2,1.62,2.8,73.52,47.52,18.02
2015-07-14,6.5,8.24,9.7,1.18,2.8,67.17,46.44,12.81
2015-07-15,5.5,8.2,11.1,1.34,0,71.43,19.8,5.36
2015-07-16,8.6,10.52,12.6,1.29,0.2,63.64,23.76,8.2
2015-07-17,7.7,10.3,12.6,1.68,2.2,71.65,35.64,11.12
2015-07-18,5.7,9.57,12.1,1.62,0.4,54.04,23.4,6.96
2015-07-19,0.9,6.82,13.5,1.62,0,67.04,14.76,4.14
2015-07-20,1.6,8.34,14.5,1.62,0,62.84,36,10.01
2015-07-21,9.5,13.41,16.6,1.68,0,51.33,53.64,20.72
2015-07-22,8.6,13.48,16.5,1.79,1.4,59.9,52.92,13.79
2015-07-23,5.3,10.79,15.5,1.68,0,71.46,27.72,9.19
2015-07-24,9.3,11.83,15.1,1.74,2.6,72.29,35.64,13.91
2015-07-25,9.1,11.6,13.5,1.57,0,55.11,52.92,17.73
2015-07-26,6.3,9.23,12.7,1.74,2.8,57.11,54.72,15.33
2015-07-27,5.8,9.4,13.5,1.9,0,61.51,34.92,11.52
2015-07-28,8.5,11.16,14,1.79,0,65.96,27.72,6.85
2015-07-29,8.5,11.01,14,1.68,0,60.91,32.04,10.79
2015-07-30,8.7,10.24,12.5,1.9,0.6,59.69,60.84,21.6
2015-07-31,4.6,9.72,14,1.85,0,57.62,38.52,10.16
2015-08-01,8.7,10.7,11.8,1.06,0.2,55.14,52.2,12.4
2015-08-02,7.6,10.45,14.7,2.18,3.4,55.27,43.2,12.53
2015-08-03,5.7,8.66,11,2.24,0.6,57.19,43.92,14.12
2015-08-04,3.6,8.21,11.5,1.9,0,57.41,31.32,10.24
2015-08-05,6.8,9.08,11.1,1.9,1.2,66.65,34.2,11.74
2015-08-06,6.7,10.03,13.7,1.79,2.6,79.78,34.56,8.74
2015-08-07,8.8,10.7,13.2,1.68,0.4,76.2,21.24,6.49
2015-08-08,9.2,11.25,13.4,1.85,0,72.16,13.32,6.06
2015-08-09,8,10.59,12.9,1.9,0,62.14,38.88,13.36
2015-08-10,9.3,11.71,15.8,2.07,1.6,58.95,48.6,15.86
2015-08-11,7.9,11.45,14.7,2.35,0.2,53.95,48.96,18
2015-08-12,8.6,11.37,14.2,2.02,0.6,60.86,39.6,10.81
2015-08-13,8.5,11.2,13.6,2.13,0,60.21,27,8.86
2015-08-14,10.5,12.87,15.7,2.63,0.4,55.74,26.28,7.55
2015-08-15,9,12.53,15.3,2.69,0,60.66,18,4.56
2015-08-16,4.8,11.42,17,2.52,0.2,59.93,31.68,9.3
2015-08-17,6.6,10.1,13.5,2.35,2,63.99,39.24,12.52
2015-08-18,5.9,8.48,11.3,2.69,0.8,66.29,18.72,6.6
2015-08-19,5.2,9.65,14.4,2.63,0,63.27,15.48,6.24
2015-08-20,5.8,12.06,16.8,2.63,0,51.6,45,16.84
2015-08-21,14.3,16.19,18.8,1.4,0,42.46,54,20.68
2015-08-22,11.5,15.16,18.8,2.74,0,56.7,28.44,7.2
2015-08-23,9.1,12.62,17,2.69,0,65,23.76,6.03
2015-08-24,9.5,11.47,13.9,2.24,0,64.16,40.68,10.73
2015-08-25,9.1,11.9,14.6,2.02,0,60.61,34.56,12.14
2015-08-26,9.3,12.63,16.3,2.63,0,55.6,20.52,4.65
2015-08-27,10.3,11.11,12.9,0.5,4,75.66,22.32,6.32
2015-08-28,6.8,10.39,13,2.97,0.4,67.53,38.52,11.81
2015-08-29,6.8,9.31,12.3,2.8,4.2,69.91,35.28,10.92
2015-08-30,8.6,10.59,12.5,3.3,0.6,67.85,27.72,9.54
2015-08-31,8.2,10.43,13.1,3.25,0,59.75,25.2,7.68
2015-09-01,5.8,11.62,16.4,2.74,0,52.53,22.68,6.1
2015-09-02,9.3,13.19,18.1,3.7,4,55.99,34.92,10.93
2015-09-03,11.2,12.53,14.3,3.08,0.2,68.03,36,9.41
2015-09-04,7.4,11.42,14,3.36,0,52.37,24.12,8.17
2015-09-05,10.2,11.75,14.9,3.14,0,62.33,20.88,7.41
2015-09-06,5.8,11.11,16,3.08,2.8,64.31,51.12,14.81
2015-09-07,8.6,10.68,13,3.14,0.8,58.4,51.48,14.97
2015-09-08,9.2,10.94,13,3.64,0.6,67.16,36,10.39
2015-09-09,10.4,12.43,15.3,3.53,0,65.04,27.36,9.98
2015-09-10,10.1,13,16.8,3.58,0,65.79,21.24,7.35
2015-09-11,6,13.71,20,3.47,0,57.54,46.08,14.16
2015-09-12,12.8,17.01,22.1,3.08,0,49.65,39.24,15.75
2015-09-13,15.3,19.79,25.5,3.64,0,40.5,41.4,14.76
2015-09-14,14.4,21.26,26.7,3.92,0,38.99,52.92,16.71
2015-09-15,10,13.31,16,4.14,1.4,63.34,45.72,12.58
2015-09-16,8.5,11.69,15.1,3.58,0,65.81,25.56,7.29
2015-09-17,9.7,11.97,14.1,4.31,0,63.48,24.48,8.52
2015-09-18,10.6,12.69,15.1,2.8,0.2,70.8,24.48,8.55
2015-09-19,7.5,14.84,21.3,3.86,0,58.22,40.68,7.14
2015-09-20,9.8,16.79,22.6,3.98,0,53.46,34.56,10.38
2015-09-21,10.2,14.19,17.8,3.7,2,55.48,45.36,13.39
2015-09-22,7.6,10.25,13.1,4.14,1.4,57.37,43.56,13.61
2015-09-23,9,10.76,13.3,3.98,0,44.45,43.56,10.54
2015-09-24,6.8,11.1,14.6,4.59,0,64.02,25.56,7.82
2015-09-25,7.6,13.25,18.9,4.54,0,58.45,35.28,9.16
2015-09-26,8,14.22,19.5,4.2,0,63.93,24.84,7.13
2015-09-27,11.2,17.75,21.5,4.42,0,43.15,18,5.87
2015-09-28,8.8,14.64,22.5,4.82,0,52.29,31.32,8.56
2015-09-29,9,13.17,17.1,4.76,0,53.22,28.8,9.47
2015-09-30,9.8,13.25,16.2,5.21,0.8,60.61,24.48,8.29
2015-10-01,6.5,14.34,22.6,4.37,0,53.59,26.28,6.28
2015-10-02,10.9,20.12,28.8,4.42,0,43.39,33.12,10.32
2015-10-03,19,24.65,31.4,4.65,0,21.98,47.52,16.68
2015-10-04,16.2,21.24,27.4,4.42,0,39.51,25.2,7.42
2015-10-05,14,24.86,34.8,5.1,0,34.96,44.28,13.74
2015-10-06,14.6,23.94,35.9,5.66,0,26.92,74.52,19.61
2015-10-07,11.3,13.94,16.8,4.65,0,46.02,41.04,11.96
2015-10-08,8.8,14.32,19.8,4.37,0,58.65,23.76,8.4
2015-10-09,12.7,21.32,30,5.04,0,47.7,26.64,7.17
2015-10-10,18.5,23.2,30,4.87,1.8,40.08,41.04,11.82
2015-10-11,13.6,18.24,21.7,4.82,0.2,64.37,32.76,8.29
2015-10-12,11.9,13.9,16.2,5.43,0.2,64.57,26.64,10.66
2015-10-13,9.6,13.99,18.4,4.76,0,64.91,20.52,8.43
2015-10-14,11.1,21.88,28.6,5.1,0,45.58,36.72,11.62
2015-10-15,18.3,26.19,34.2,5.77,0,28.17,47.52,14.58
2015-10-16,14.8,18.14,24.5,5.26,1,57.16,30.6,7.87
2015-10-17,12.7,15.76,20.9,5.21,0,61.27,30.24,7.65
2015-10-18,12.5,15.28,18.7,4.98,0,55.93,32.04,7.77
2015-10-19,9,18.44,27.5,5.1,0,47.11,20.88,5.99
2015-10-20,13.7,23.2,31.9,5.6,0,38.47,38.16,10.78
2015-10-21,12.5,16.53,22.6,5.66,5.4,69.64,33.84,11.24
2015-10-22,11.3,13.6,16.8,3.08,0.2,68.77,32.04,11.78
2015-10-23,12.1,13.79,16.5,6.1,0.2,53.48,28.08,9.14
2015-10-24,11.5,15.19,19.6,5.26,0,56.35,20.52,6.15
2015-10-25,10.2,21.8,31.9,4.87,0,40.54,53.28,15.89
2015-10-26,12.7,15.13,18.9,5.94,0.2,64.07,56.16,15.14
2015-10-27,10.9,16.8,23.5,5.49,0,44.55,34.92,11.19
2015-10-28,11.3,19.38,27.6,5.49,0,39.66,39.24,10
2015-10-29,13.2,16.99,25.1,6.05,0,66.76,15.84,6.58
2015-11-04,20.6,24.11,27.8,4.65,1.6,56.93,29.88,9.12
2015-11-05,17.7,21.31,24.8,6.1,13.4,68.37,52.2,7.67
2015-11-06,14.2,17.3,19.7,1.79,0.4,75.24,36.72,10.37
2015-11-07,12.4,14.26,16.9,6.94,1.2,57.77,38.16,12.78
2015-11-08,9.7,17.71,25.5,6.61,0,45.71,15.48,4.9
2015-11-09,13.7,23.99,33.6,6.72,0,34.84,37.08,12.41
2015-11-10,12.7,15.24,20.3,3.14,2,72.87,27.36,8.62
2015-11-11,12.6,15.7,20.3,4.54,0,61.59,25.2,6.73
2015-11-12,14.2,17.82,23.2,6.38,0,68.31,32.4,8.47
2015-11-13,13.4,15.71,18.1,6.55,0,64.32,41.76,12.9
2015-11-14,12.6,15.53,18.7,7.5,0,56.76,33.12,10.38
2015-11-15,13.1,15.79,18.7,6.27,0.2,62.85,33.12,9.95
2015-11-16,12.8,20.71,27.6,5.99,0,53.43,18.36,7.13
2015-11-17,17.7,23.56,33.8,6.83,0,31.95,45,12.71
2015-11-18,14.2,22.23,30.2,6.1,0,43.05,21.24,7.17
2015-11-19,19,24.11,31.4,6.38,0,43.4,42.84,9.93
2015-11-20,14.6,17.36,19.8,5.88,3.8,64.25,32.04,8.22
2015-11-21,12.5,14.79,17.8,7.62,0,58.56,35.28,12.94
2015-11-22,14,16.27,20.4,6.38,0,48.23,23.4,8.06
2015-11-23,13.9,16.93,20.9,7.67,0,57.27,29.88,10.46
2015-11-24,13.2,18.05,25.1,6.27,0,50.64,23.04,8.44
2015-11-25,13.7,24.6,33.7,5.77,0,30.69,62.28,19.44
2015-11-26,10.2,14.49,28.2,7.06,1,42.47,67.68,21.41
2015-11-27,8.4,13.87,18,5.94,0,47.74,35.28,9.53
2015-11-28,12.1,16.09,20.3,7,0,52.02,23.76,8.15
2015-11-29,14.8,16.67,20.2,7.78,0,53.97,23.76,7.6
2015-11-30,10.3,21.74,32.5,7.06,0,42.67,68.04,14
2015-12-01,13.2,17.22,23.9,6.89,0.8,47.58,43.56,13.74
2015-12-02,8.8,13.72,17.7,7.34,0,45.15,38.16,12.57
2015-12-03,11.5,16.2,21.6,6.66,0,52.81,24.84,7.75
2015-12-04,12.4,21.67,30.6,6.83,0,48.7,25.2,7.26
2015-12-05,15.9,19.94,25.9,7.9,0,66.35,25.56,8.63
2015-12-06,16,21.58,29.5,7.11,0,61.22,22.68,6.17
2015-12-07,18.4,22.32,27.5,4.48,0.2,64.93,23.04,7.46
2015-12-08,18.9,25.82,35.5,7.28,0.4,44.7,54,16.07
2015-12-09,15.9,19.65,24.8,7.5,0,54.38,36,9.78
2015-12-10,14.8,19.39,25.4,6.5,0,47.53,21.96,8.29
2015-12-11,12.3,15.92,18.9,6.78,1.4,47.5,53.28,15.13
2015-12-12,9.8,14.25,18.5,7.84,0,47.31,29.16,10.88
2015-12-13,10.2,19.5,28.9,6.78,0,41.06,29.16,7.45
2015-12-14,14,18.73,22.9,6.61,0,51.59,36.72,8.42
2015-12-15,15.6,20.16,25.2,6.5,0,57.84,26.28,7.58
2015-12-16,16.7,23.17,27.5,6.72,0,57.17,35.28,11.77
2015-12-17,17.5,27.18,36.9,7.45,0,40.53,41.04,10.41
2015-12-18,21.2,26.42,36.5,8.46,0,43.19,34.92,10.22
2015-12-19,20.5,31.2,42.2,13.27,0,33.14,49.32,13.52
2015-12-20,18.3,27.76,37.9,7.62,4.8,35.9,51.48,15.34
2015-12-21,14.9,17.39,20.3,7.84,0.2,51.23,39.6,13.2
2015-12-22,13.3,18.36,22.7,6.94,0,53.86,24.84,9.84
2015-12-23,15.7,21.44,26.2,6.61,0,58.16,28.08,8.59
2015-12-24,17.4,26.64,35,8.68,0,38.36,31.68,8.26
2015-12-25,23.3,28.86,34.2,7.39,0,19.68,56.88,21.15
2015-12-26,13.4,19.34,30,7.5,2,46.72,49.68,18.05
2015-12-27,11.9,15.99,19.6,7.67,1.8,50.32,34.92,10.53
2015-12-28,14.1,17.45,21.2,7.11,0,50.07,35.64,10.15
2015-12-29,13.7,19.3,24.8,7,0,53.87,26.28,6.87
2015-12-30,14.8,25.72,35.2,9.41,0,36.15,23.04,7.03
2015-12-31,23.2,31.53,39.9,13.22,0,17.35,34.2,10.31
2016-01-01,18.9,22.7,25.6,4.76,0,51.93,30.24,9.17
2016-01-02,17.1,20.58,27.9,7.11,0,59.41,46.08,13.53
2016-01-03,17.5,21.43,27.4,7.95,0,52.49,45,14.69
2016-01-04,17.8,20.55,25.1,8.29,0,54.7,30.96,8.38
2016-01-05,17.3,21.37,26.1,7.11,0,52,24.12,6.49
2016-01-06,17.6,21.35,25.4,7.28,0,60.59,29.16,9.45
2016-01-07,16.7,18.98,21.3,7.56,0,60.68,39.24,11.79
2016-01-08,16.3,18.29,20.9,7.67,0,55.85,32.04,9.86
2016-01-09,17,18.79,22.3,7.9,0,63.62,24.48,7.13
2016-01-10,15.9,22.21,31.4,7.39,0,51.81,21.24,7.48
2016-01-11,19.7,25.62,36.9,11.2,0.4,38.44,35.28,8.86
2016-01-12,17.7,21.68,25.8,6.66,0,59.45,24.48,8.62
2016-01-13,18.1,29.44,43.2,13.38,0,36.92,55.44,11.89
2016-01-14,15.1,17.99,26.4,3.92,2,54.35,51.12,17.06
2016-01-15,14.1,16.53,19.3,7.5,0,46.94,33.12,11.14
2016-01-16,13.5,17.97,22.5,6.61,0,50.17,34.2,9.92
2016-01-17,15.1,24.24,32.5,7.11,0,37.25,36.72,8.86
2016-01-18,20.4,26.9,35.9,8.18,0,22.26,43.2,13.09
2016-01-19,18.8,23.97,31.4,7.28,0,45.99,26.64,6.86
2016-01-20,18.9,23.74,28.9,7.28,1.2,55.35,22.68,7.97
2016-01-21,19.2,21.55,28.1,5.26,0,71.08,20.88,8.04
2016-01-22,18.1,19.89,23.1,3.98,5.8,74.59,31.68,5.7
2016-01-23,17,19.52,21.9,8.29,1.4,68.09,28.8,10.21
2016-01-24,16.4,19.71,22.5,8.79,1.6,67.63,26.64,9.3
2016-01-25,17.4,19.19,21.1,7.39,0,61.71,36.72,10.68
2016-01-26,17.7,19.54,25.6,5.88,0,66.72,23.4,8.29
2016-02-16,15.8,17.05,18.5,6.33,0,39.78,41.76,15.42
2016-02-17,12.9,17.4,21.5,8.06,0.2,63.64,35.64,13.21
2016-02-18,16,19.34,22.9,7.39,1.4,63.29,25.2,9.2
2016-02-19,16.6,18.09,22.3,7,0,66.44,28.08,7.36
2016-02-20,16,18.01,20.6,5.82,0,44.66,33.48,10.06
2016-02-21,14.5,19.7,26.1,5.99,0,52.11,26.28,8.47
2016-02-22,16,22.04,29.3,4.98,0,51.58,18.72,5.11
2016-02-23,20.4,29.39,40.2,10.64,0,29.34,48.6,12.18
2016-02-24,20.4,24.47,27.5,6.89,0,50.32,29.88,8.62
2016-02-25,19.6,22.2,28.9,6.33,0.2,67.11,27.36,8.56
2016-02-26,15.6,19.32,23.4,6.66,0,53.79,29.52,10.17
2016-02-27,18.4,19.84,22.3,6.5,0,56.32,25.56,8.19
2016-02-28,17.5,19.57,22.9,6.16,0,54.91,28.8,9.33
2016-02-29,16.4,19.81,23.4,5.66,0,63.84,36,10.13
2016-03-01,17.2,24.28,33.7,5.99,0,49.73,35.28,8.97
2016-03-02,18.2,23.89,34.9,7,0,44.15,38.88,9.2
2016-03-03,18.1,20.81,23.8,5.94,0.4,58.55,28.08,9.72
2016-03-04,17.1,24.15,36.9,7.17,0.6,52.84,29.88,7.57
2016-03-05,20.4,21.25,23.1,3.36,0,78.65,22.32,8.01
2016-03-16,23.5,27.85,31.7,5.38,0,34.89,28.44,10.6
2016-03-17,21.2,26.98,32.4,5.1,0,35.2,42.84,14.94
2016-03-18,14,18.45,28.6,5.49,14.4,55.99,71.64,19.26
2016-03-19,12.3,15.27,19.3,5.71,0.2,58.25,33.12,10.8
2016-03-20,13.1,17.55,22.9,4.54,0,46.18,25.92,7.72
2016-03-21,13.7,18.08,24,4.82,0,54.4,33.48,8.81
2016-03-22,12.2,18.8,25.3,4.65,0,57.6,16.92,4.92
2016-03-23,14.4,20.4,29.2,5.26,0,49.52,26.28,8.57
2016-03-24,17.6,19.31,21.5,3.75,0,65.76,23.4,6.81
2016-03-25,16.5,18.04,20.4,4.54,0,55.43,28.08,7.1
2016-03-26,14,17.38,20.6,3.14,1,62.95,23.4,7.3
2016-03-27,14.8,16.56,19.6,5.04,1.6,51.82,27,8.73
2016-03-28,13,16.22,19.5,3.75,0,42.87,33.12,8.87
2016-03-29,14.5,16.55,18.4,1.74,0,46.54,29.52,9.5
2016-03-30,13.8,16.64,18.6,2.69,0,48.38,30.96,8.32
2016-03-31,11.3,17.49,22.8,4.03,0,52.07,17.64,5.59
2016-04-01,13.3,20.61,26.5,3.92,0,41.33,46.08,13.71
2016-04-02,14.5,18.45,23.2,4.09,0,41.51,39.24,10.51
2016-04-03,11.4,15.24,19.1,4.2,0,49.36,30.6,8.37
2016-04-04,10.2,16.48,23.1,3.47,0,56.56,18,6.01
2016-04-05,13.4,21.18,29.5,3.92,0,40.71,42.84,13.83
2016-04-06,11.5,15.74,19.4,1.79,2,73.09,31.68,7.1
2016-04-07,9.1,14.47,18.7,3.75,0.2,59.54,15.84,4.41
2016-04-08,11.3,15.75,20.2,3.19,0,57.73,19.44,3.69
2016-04-09,10.6,16.63,22.6,4.14,0,53.91,17.64,5.77
2016-04-10,14.4,18.44,23.4,3.92,0,48.55,33.84,9.21
2016-04-11,14.9,17,20.3,3.47,0,65.14,28.44,11.18
2016-04-12,14.2,16.12,18.7,3.64,0.2,66.9,29.88,9.56
2016-04-13,13.8,16.65,20.1,2.69,0,63.54,27,8.1
2016-04-14,12.2,18.13,26.9,3.02,0,61.53,39.6,7.11
2016-04-15,13.1,19.85,27.9,3.58,0,51.34,23.76,5.76
2016-04-16,13.9,16.45,19.8,3.3,0,66.69,29.52,7.02
2016-04-17,13.5,16.29,19.9,3.02,0,48.5,27,8.21
2016-04-18,10,17.94,25.4,2.91,0,51.59,37.08,8.72
2016-04-19,15.2,20.98,27.5,3.02,0,41.21,39.24,9.24
2016-04-20,15,21.7,28.3,2.8,0,36.18,39.96,11.69
2016-04-21,17,21.18,24.1,1.79,4.2,42.22,31.32,10.78
2016-04-22,14.5,15.52,17,3.02,0,52.08,30.24,10.32
2016-04-23,13.7,15.93,18.6,3.36,0,60.16,25.56,6.63
2016-04-24,11.9,16.53,21,2.91,0,62.75,17.64,4.7
2016-04-25,10.9,18.84,25.1,2.86,0,48.61,36.72,10.64
2016-04-26,11.8,18.75,25.6,2.69,0,41.53,37.08,11.06
2016-04-27,16.3,21.27,25.3,2.74,0,30.92,50.76,16.01
2016-04-28,18.7,21.88,25.4,1.9,0,38.75,34.92,9.31
2016-04-29,17.2,19.33,22.5,0.39,3.4,59.78,43.2,12.87
2016-04-30,17,20.08,24.1,2.63,0,65.72,51.48,15.58
2016-05-01,10.6,15.15,21.8,1.96,8,56.17,54.36,15.75
2016-05-02,9,13.57,18.7,2.35,0,48.7,47.16,15.16
2016-05-03,13.3,16.1,19.5,2.58,0,47.19,68.4,20.74
2016-05-04,9.6,14.14,17.9,2.35,0,46.8,30.96,11.86
2016-05-05,13.4,17.32,21,2.24,0,47.37,55.8,18.24
2016-05-06,15.9,19.21,25,2.3,0,45.74,40.32,14.09
2016-05-07,13.1,19.63,25.9,2.58,0,48.33,41.4,11.12
2016-05-08,15.4,18.15,19.8,0.5,3.4,71.3,31.32,7.84
2016-05-09,13.5,18.29,22.8,2.24,8.4,68.71,60.48,19.25
2016-05-10,13.7,15.5,17.8,2.3,1,55.63,48.96,17.85
2016-05-11,12.4,14.93,17.3,1.57,0,56.61,42.84,15.21
2016-05-12,15.7,18.34,21.5,2.07,0.2,57.89,36,13.95
2016-05-13,16.2,18.15,21.7,2.13,0,50.26,32.4,11.63
2016-05-14,14.9,18.16,21.7,2.13,0,55.3,50.76,17.03
2016-05-15,11.9,17.15,22.1,2.13,0,48.14,39.6,12.15
2016-05-16,7.4,14.64,19.6,2.18,0,60.22,51.48,13.69
2016-05-17,13.8,15.89,17.9,1.34,0.2,47.78,33.48,10.48
2016-05-18,13.6,16.01,19.3,2.02,0,43.79,31.32,9.88
2016-05-19,14.3,16.43,18.4,1.96,0.2,57.04,41.04,14.3
2016-05-20,10.8,14.45,17.7,1.79,0,61.21,21.6,5.64
2016-05-21,8.2,13.26,18.1,1.9,0,63.37,36,11.71
2016-05-22,12.7,18.29,23.2,1.9,0,46.25,57.6,17.78
2016-05-23,11.1,14.62,20.1,1.79,4.2,55.18,48.6,13.99
2016-05-24,8,12.69,16.2,1.68,0.2,64.17,29.16,8.06
2016-05-25,7.5,11.61,15.8,1.9,6.6,69.51,39.96,15.62
2016-05-26,9.1,11.17,12.7,0.84,2.8,78.53,31.68,11.62
2016-05-27,8.5,10.93,14.4,1.68,0,65.69,20.88,7.53
2016-05-28,6.7,10.44,13.5,1.29,3.4,72.58,31.68,8.26
2016-05-29,8.4,11.75,13.8,1.46,0,51.05,26.64,8.77
2016-05-30,7,10.62,15.3,1.51,0,56.27,20.88,5.2
2016-05-31,3.8,10,17.4,1.46,0,60.82,18.72,6.34
2016-06-01,5.1,10.59,18.2,1.68,0,64.38,15.48,3.97
2016-06-02,5.2,9.21,13.8,1.29,0,78.62,15.48,5.38
2016-06-03,9.9,12.91,14.5,1.4,2.4,72.88,11.88,3.86
2016-06-06,9.1,11.66,14,1.68,0,72.54,42.48,10.13
2016-06-07,10.2,12.92,15.5,1.01,0.8,73.7,36.36,9.3
2016-06-08,10.4,12.6,14.6,1.79,0.8,71.52,50.4,15.22
2016-06-09,11.8,14.38,17.5,1.51,0.4,66.85,33.12,12.55
2016-06-10,10.2,12.33,15.8,1.57,3,64.87,36,11.5
2016-06-11,8.4,10.56,13.3,1.46,0,58.45,44.64,11.6
2016-06-12,6.1,9.81,14.1,1.46,0,58.24,21.6,4.44
2016-06-13,4.4,9.13,13.6,1.46,0,61.3,43.2,13.44
2016-06-14,9.2,11.53,15.5,1.46,0,58.25,30.96,11.23
2016-06-15,6.3,11.54,17.9,1.46,0,64.1,19.44,6.55
2016-06-16,7.7,11.19,14.2,0.95,2,68.29,51.48,13.59
2016-06-17,13.1,13.96,15.6,0.5,2.4,78.67,28.8,7.44
2016-06-20,11.6,12.87,14.5,0.28,0,74.07,25.56,10.3
2016-06-21,10.1,11.94,14.1,1.51,0.4,69.92,55.44,12.84
2016-06-22,10.7,13.12,15.7,1.4,0,57.8,42.12,13.43
2016-06-23,8.3,11.47,14.8,1.51,11.6,66.04,54.36,17.01
2016-06-24,5.8,7.54,10.1,1.29,2,66.36,46.08,12.35
2016-06-25,5.1,8.42,12.6,1.51,0,66.64,20.52,5.11
2016-06-26,4.3,7.9,10.7,1.46,0.2,67.2,28.44,11.21
2016-06-27,6.6,8.14,11,0.73,1,75.77,22.32,7.34
2016-06-28,6.2,10.87,16.9,1.51,0.2,70.19,23.4,6.99
2016-06-29,8.8,11.99,15.6,1.51,0.2,65.95,45.72,12.24
2016-06-30,6.8,9.99,12,1.4,4,65.12,57.96,19.13
2016-07-01,7.6,11.16,14.2,1.4,1.2,68.18,37.8,9.41
2016-07-02,11.1,13.47,16.2,1.51,0,59.84,26.28,9.48
2016-07-03,11,13.29,16.7,1.51,0,62.21,43.2,12.18
2016-07-04,10.6,11.8,13.7,0.56,0,58.65,34.92,12.32
2016-07-05,9.3,11.02,13.7,0.28,6.8,78.94,28.08,6.78
2016-07-06,11,12.68,13.4,0.67,1.6,78.75,39.24,10.29
2016-07-07,10.9,12.33,14.6,1.01,2.6,77.64,30.24,7.95
2016-07-08,11.2,11.69,12.2,0,0,79.23,4.32,0.31
2016-07-14,10.5,11.95,13.6,0.56,0,54.34,25.56,10.55
2016-07-15,9.6,12.18,15.2,1.18,0,58.78,25.92,7.63
2016-07-16,6.9,11.26,15.3,1.62,0,55.24,14.4,4.83
2016-07-17,4.9,11.31,16,1.79,0,59.48,50.4,16.91
2016-07-18,12.3,14.79,18.6,2.07,0,63.86,59.4,20.1
2016-07-19,12.3,14.36,16.1,1.4,1.2,67.66,18.36,4.17
2016-07-20,9.4,12.98,16.6,1.79,0.2,71.36,13.68,3.85
2016-07-21,7.6,14.42,18.5,1.96,0,70.63,47.16,15.84
2016-07-22,9.5,14.64,18.1,1.62,4.6,65.3,62.28,18.63
2016-07-23,6.8,8.86,11.3,1.74,2.2,62.18,52.2,15.44
2016-07-24,4.5,8.11,11.2,1.57,0,64.04,42.12,13.08
2016-07-25,7.7,10.33,14.3,2.13,3.6,58.88,51.84,16.28
2016-07-26,6.7,8.95,11.2,1.23,0,56.46,42.12,16.14
2016-07-27,8.2,10.49,12.7,1.79,0.2,60.76,37.44,12.9
2016-07-28,7,11.51,15.4,1.34,0,60.86,27.72,10.69
2016-07-29,10.7,12.27,16.2,1.46,2.6,70.54,30.6,10.89
2016-07-30,9.3,11.69,14.3,1.57,0.2,72.67,55.8,16.67
2016-07-31,10.4,13.02,16.7,2.07,2,63.24,42.12,10.93
2016-08-01,9.3,12.49,14.5,1.4,12.8,77.45,36.36,13.25
2016-08-02,9.3,11.27,13.4,2.02,1,62.98,35.64,9.68
2016-08-03,9.6,11.39,13,2.18,0.6,70.96,28.44,7.51
2016-08-04,7.3,10.86,15,2.02,0,61.59,23.76,7
2016-08-05,4.1,10.38,14.4,2.02,0,59.54,19.8,5.51
2016-08-06,6.2,10.26,14.5,1.23,0,59.24,15.48,5.05
2016-08-07,8.5,11.98,16.8,2.13,0,49.92,16.56,5.85
2016-08-08,5.2,10.03,14,2.13,0,54.79,42.48,15.29
2016-08-09,12,14.8,18.5,2.24,0,50.43,55.44,22.62
2016-08-10,8.5,11.75,14.6,2.35,7.4,56.61,43.92,16.16
2016-08-11,6.7,10.85,14.7,2.18,0,53.66,29.88,10.28
2016-08-12,7.4,10.68,14,2.35,0.8,61.92,46.08,16.35
2016-08-13,8,11.7,14.9,2.46,0,61.72,29.52,10.54
2016-08-14,8.9,13.38,17.8,2.41,0.4,58.95,25.2,6.82
2016-08-15,10.3,13.86,17.8,2.41,0,56.82,35.64,11.01
2016-08-16,10.6,13.23,17.4,2.41,0,58.13,45.36,17.94
2016-08-18,18.2,19.75,21.1,2.58,0,37.63,50.04,23.66
2016-08-19,8.1,13.71,19.6,0.39,8.8,59.28,57.24,16.01
2016-08-20,6.8,10.24,13.5,2.52,1.2,56.46,37.8,13.18
2016-08-21,10.7,12.22,14.9,2.3,3.6,65.96,30.24,11.13
2016-08-22,9.8,11.57,16,2.74,15.8,68.88,28.08,6.23
2016-08-23,8.5,11.65,14.2,2.3,0.2,56.52,26.28,6.84
2016-08-24,3.9,9.16,12.9,2.41,0,68.39,26.28,6.7
2016-08-25,7.4,10.03,13.9,2.69,0.2,64.21,34.56,11.01
2016-08-26,7.2,10.73,14.3,2.46,0,54.12,24.84,8.11
2016-08-27,8.8,12.16,15.9,2.97,0,45.19,35.64,12.46
2016-08-28,10.5,13.86,19.3,2.97,0,45.21,25.92,10.11
2016-08-29,9.8,14.44,20,3.25,0,44.68,36.36,11.55
2016-08-30,11.9,14.71,16.9,1.4,0.2,54.42,48.6,14.1
2016-08-31,13.4,16.23,20.1,3.42,0,56.64,34.2,10.39
2016-09-01,12.3,13.68,16.1,3.08,0.4,66.74,16.92,5.68
2016-09-02,11.2,12.86,15.2,2.35,0,69.12,22.68,7.42
2016-09-03,9.7,12.87,16,2.74,1,57.1,34.92,10.92
2016-09-04,9.7,13.67,17.2,3.14,0,57.01,25.56,9.59
2016-09-05,12.8,15.27,19.3,2.46,0,55.4,20.88,6.49
2016-09-06,9.3,15.18,21.2,3.08,0,59.21,21.96,6.44
2016-09-07,10.2,15.94,21.5,3.36,0,55.28,41.04,10.61
2016-09-08,15.7,19.21,23,3.42,0,46.21,52.2,20.26
2016-09-09,12.4,16.22,20.4,1.51,6.4,68.69,47.88,12.75
2016-09-10,10.3,12.57,14.3,1.96,6.6,67.41,40.68,10.43
2016-09-11,7.7,12.4,16.7,3.36,0,55.18,27.72,7.33
2016-09-12,9.7,11.37,14.5,1.96,4.4,72.93,22.32,5.4
2016-09-13,9.8,11.73,14.3,1.18,16,87.87,27,6.88
2016-09-14,9,12.71,15.4,3.86,10.8,68.33,48.24,15.3
2016-09-15,8.8,11.37,14.8,4.2,6.2,76.35,45,10.68
2016-09-16,9.3,12.57,15.8,4.2,0,55.48,28.8,8.45
2016-09-17,11.6,15.5,20.3,3.58,0,50.85,39.6,15.98
2016-09-18,9.2,11.99,16.3,1.18,0.4,64.72,35.28,11.16
2016-09-19,8.4,11.79,16.3,4.14,0,56.93,32.04,7.89
2016-09-20,9.5,14.11,19.3,4.03,0,47.26,45.36,14.75
2016-09-21,10.8,13.26,15.7,3.86,1.2,69.39,28.08,9.5
2016-09-22,9.5,11.86,13.8,2.74,1.4,67.69,36.36,12.62
2016-09-23,9.3,13.44,17.9,4.2,0,62.6,16.2,5.49
2016-09-24,11,15.11,19.6,4.37,2.8,56.64,45,14.02
2016-09-25,9.4,12.27,14.5,4.2,3.8,58.68,36.72,9.67
2016-09-26,7.7,12.11,17.3,4.2,11,61.45,32.76,8.06
2016-09-27,7.2,11.41,15.4,4.54,3.4,68.94,41.4,7.14
2016-09-28,7.8,13.94,18.5,4.09,0.2,57.17,45.72,15.53
2016-09-29,9.3,13.33,16.6,4.14,2.4,57.54,45,17.96
2016-09-30,9.1,12.56,16.8,4.14,0.2,64.01,22.68,8.38
2016-10-01,11.9,14.27,18.6,4.2,1.4,60.89,36.36,13.67
2016-10-02,12.1,17.93,23.8,5.04,4.6,44.46,73.44,23.39
2016-10-03,11,13.46,16,4.87,4.2,58.11,61.2,17.18
2016-10-04,8.9,12.13,16.6,4.76,3.2,58.37,57.96,19.03
2016-10-05,7.9,12.34,17,2.07,0.2,58.31,43.2,12.86
2016-10-06,10.8,18.94,27.1,4.48,0,51.33,43.92,14.31
2016-10-07,13.3,18.58,22.8,2.74,0,45.66,50.4,14.45
2016-10-08,10.1,13.53,17,4.59,0,52.39,27.72,8.63
2016-10-09,10.2,16.85,21.9,5.21,1,49.66,78.84,22.69
2016-10-10,8.8,13.4,17.1,5.21,3,46.65,50.76,15.58
2016-10-11,7.5,11.22,14.9,5.04,0,53.97,37.08,14.01
2016-10-12,9.8,12.2,15.4,4.42,4.8,59.49,41.76,10.84
2016-10-13,10.1,12.4,15.3,4.7,0,45.12,30.24,8.29
2016-10-14,5.7,14.64,22.5,4.76,0,45.82,35.64,9.06
2016-10-15,13.4,19.19,24.4,5.66,0,36.05,61.2,23.14
2016-10-16,10.1,17.83,22.5,4.93,8.6,44.74,63.36,18.12
2016-10-17,9.4,13.77,18.7,5.49,0.2,52.78,34.92,12.11
2016-10-18,8.8,12.31,17.1,5.49,2.4,56.49,46.08,14.67
2016-10-19,6.9,11.83,17,5.43,0,47.03,23.4,7.18
2016-10-20,7.5,15.68,21.5,4.98,0,36.81,56.16,20.38
2016-10-21,9,14.32,20.3,1.74,13.8,57.76,62.64,17.72
2016-10-22,6.7,10,13.2,5.82,6.4,66.76,49.32,15.96
2016-10-23,7.1,10.85,14,6.44,9.8,63.33,34.2,11.38
2016-10-24,10.5,13.51,18.4,5.21,0,51.68,18.36,6.49
2016-10-25,10.5,18.67,25.5,5.94,0,39.67,55.44,15.6
2016-10-26,11.6,16.54,21.8,3.64,0.8,53.66,31.32,10.04
2016-10-27,10.4,13.06,15.7,5.71,0,53.06,33.84,11.05
2016-10-28,7.1,12.97,17.5,5.77,0,53.83,22.32,7.81
2016-10-29,9.7,17.49,25.3,5.43,0,49.4,32.4,8.23
2016-10-30,9.1,19.84,27.4,6.27,0.6,40.24,55.44,19.97
2016-10-31,7.6,12.44,17.3,6.33,0.4,44.71,39.24,12.21
2016-11-01,9.3,13.82,18.4,6.27,0.2,49.77,36,11.61
2016-11-02,9.2,13.99,19,5.21,0,51.05,33.48,9.97
2016-11-03,10.2,15.32,20.2,5.6,0,53.71,22.32,6.74
2016-11-04,10.5,19.84,29.5,6.05,0,40.65,58.32,18.51
2016-11-05,10,13.43,16.7,6.89,0,44.74,49.68,19.9
2016-11-06,12.1,16.95,23.1,6.72,0,43.08,39.6,14.22
2016-11-07,13.9,18.4,26.1,5.04,0,47.21,64.44,16.18
2016-11-08,11.3,14.49,18.9,5.54,0,48.56,26.28,10.99
2016-11-09,11.8,14.53,17.8,6.5,0,58.17,30.6,9.17
2016-11-10,12.9,14.96,18.1,6.89,0,55.08,23.76,7.84
2016-11-11,9.8,16.37,24.2,5.82,0,54.89,25.56,7.64
2016-11-12,13.7,18.43,24.7,6.66,1.8,51.83,51.48,14.43
2016-11-13,11.5,14.92,18.5,7.22,7,60.89,45.36,15.04
2016-11-14,11.4,13.76,16.4,5.88,7.8,58.19,52.2,18.59
2016-11-15,11.2,14.42,19.6,5.32,0,63.77,27.72,10.18
2016-11-16,12,15.86,21,7.17,0,65.12,20.16,7.72
2016-11-17,12.4,22.62,31.7,6.38,0,43.34,46.08,13.71
2016-11-18,14.3,17.1,26.1,5.6,0,59.97,30.6,8.44
2016-11-19,12.5,16.46,20.9,6.38,0,54.42,23.4,6.78
2016-11-20,12.3,22.91,33.7,7.11,0,45.9,41.76,6.13
2016-11-21,21.7,26.96,35.3,7.11,1.2,36.26,54.72,17.53
2016-11-22,12.7,15.42,21.7,1.96,11,78.35,24.84,8.09
2016-11-23,11.1,13.29,16,7.22,4.6,62.54,46.8,11.35
2016-11-24,9.6,13.52,17.4,8.06,0.8,61.28,35.64,12.04
2016-11-25,11.2,14.2,17.2,7.95,0.4,54.67,35.28,12.63
2016-11-26,11.8,14.61,17.4,7.73,0,55.02,30.24,11.87
2016-11-27,11.4,14.37,16.9,4.31,0.2,66.73,23.04,8.2
2016-11-28,12.9,15.85,20,6.66,0.2,61.93,21.24,6.72
2016-11-29,12.6,16.32,20.4,6.44,0,58.34,27,7.21
2016-11-30,13.7,15.89,18.4,6.78,0,70.1,24.12,8.65
2016-12-01,14,18.09,22.5,6.33,0,57.44,26.28,6.79
2016-12-02,13.4,16.92,21.4,7.22,0,54.1,26.64,9.11
2016-12-03,11.6,17.74,24.3,6.55,0,45.69,22.32,7.42
2016-12-04,13.1,22.21,32,6.55,2,48.92,36.72,10.98
2016-12-05,15.1,19.27,24,7,0,53.95,39.24,12.82
2016-12-06,13.6,16.71,21.2,6.78,0,52.23,30.96,8.19
2016-12-07,11.7,20.16,28.7,6.78,0,36.09,25.56,7.31
2016-12-08,13.1,19.4,26.4,7.67,10.8,45.5,59.04,19.88
2016-12-09,10.2,13.59,17.1,8.62,0.4,55.44,42.12,15.37
2016-12-10,12.4,15.2,18.5,7.73,0,50.61,23.76,10.19
2016-12-11,12.9,16.24,19.7,7.45,0.8,59.22,31.32,9.26
2016-12-12,11,22.97,34.1,7.28,0,37.56,28.08,7.94
2016-12-13,20.6,27.99,36.6,5.94,0,17.7,44.28,13.56
2016-12-14,14.2,17.15,21.5,7.45,0,47.77,36,14.61
2016-12-15,12.4,15.55,18.7,6.89,0,44.89,36.36,11.22
2016-12-16,10.5,18.39,25.1,7.73,0,54.47,25.56,8.1
2016-12-17,13.1,17,21.1,7.95,0,45.91,52.56,16.79
2016-12-18,9.9,14.13,17.7,6.83,0,43.34,30.96,10.95
2016-12-19,9.3,20.74,30.2,6.66,0,31.3,50.76,13.5
2016-12-20,13.7,19.53,24.8,7.11,4.6,41.91,30.96,10.8
2016-12-21,13.4,16.33,19.2,7.67,0,52.99,33.48,12.42
2016-12-22,14.6,17.16,20.3,6.83,0,57.09,31.32,10.25
2016-12-23,13.8,20.29,27.6,6.66,0,59.01,26.64,7.1
2016-12-24,18,25.02,34.9,7.34,0.2,47.49,49.68,11.19
2016-12-25,17.1,27.98,36.6,7.84,0,39.51,35.28,10.69
2016-12-26,18.7,23.8,30.3,5.94,1.6,52.72,35.28,11.15
2016-12-27,18.5,22.19,27.1,2.63,1,71.31,31.68,7.37
2016-12-28,22.9,30.48,38.4,9.18,0,35.04,70.2,18.58
2016-12-29,22.2,27.67,33.4,8.79,20.8,52.41,41.76,11.15
2016-12-30,19.5,23.08,28.6,7.28,0.2,50.58,27,9.08
2016-12-31,17.4,20.29,25,7.06,0,53.79,28.44,9.43